Scanner X ;Scanner Y ;median value;offset ;calibrated value ;raw values ;
-110;-50;10460;-10442;18;-99999;26;10467;10460;
-105;-50;9657;-9639;18;-99999;10452;9657;9655;
-100;-50;8903;-8885;18;-99999;9651;8894;8903;
-95;-50;8119;-8101;18;-99999;8907;8118;8119;
-90;-50;7437;-7419;18;-99999;8120;7437;7433;
-85;-50;6815;-6797;18;-99999;7431;6806;6815;
-80;-50;6166;-6148;18;-99999;6798;6166;6162;
-75;-50;5595;-5577;18;-99999;6159;5594;5595;
-70;-50;5042;-5024;18;-99999;5595;5042;5039;
-65;-50;4535;-4517;18;-99999;5032;4528;4535;
-60;-50;4047;-4029;18;-99999;4533;4047;4043;
-55;-50;3631;-3613;18;-99999;4046;3631;3628;
-50;-50;3225;-3207;18;-99999;3623;3215;3225;
-45;-50;2868;-2850;18;-99999;3227;2868;2866;
-40;-50;2566;-2548;18;-99999;2863;2563;2566;
-35;-50;2289;-2271;18;-99999;2552;2289;2285;
-30;-50;2061;-2043;18;-99999;2280;2053;2061;
-25;-50;1853;-1835;18;-99999;2053;1853;1851;
-20;-50;1703;-1685;18;-99999;1835;1703;1699;
-15;-50;1589;-1571;18;-99999;1698;1585;1589;
-10;-50;1510;-1492;18;-99999;1610;1509;1510;
-5;-50;1491;-1473;18;-99999;1509;1490;1491;
0;-50;1501;-1483;18;-99999;1493;1504;1501;
5;-50;1536;-1518;18;-99999;1489;1536;1539;
10;-50;1616;-1598;18;-99999;1543;1616;1619;
15;-50;1752;-1734;18;-99999;1617;1757;1752;
20;-50;1901;-1883;18;-99999;1749;1901;1907;
25;-50;2122;-2104;18;-99999;1908;2122;2124;
30;-50;2363;-2345;18;-99999;2125;2363;2363;
35;-50;2651;-2633;18;-99999;2361;2659;2651;
40;-50;2972;-2954;18;-99999;2656;2972;2974;
45;-50;3340;-3322;18;-99999;2973;3340;3344;
50;-50;3734;-3716;18;-99999;3349;3739;3734;
55;-50;4202;-4184;18;-99999;3724;4202;4206;
60;-50;4696;-4678;18;-99999;4198;4707;4696;
65;-50;5199;-5181;18;-99999;4640;5199;5208;
70;-50;5738;-5720;18;-99999;5207;5738;5741;
75;-50;6382;-6364;18;-99999;5778;6387;6382;
80;-50;7016;-6998;18;-99999;6391;7016;7021;
85;-50;7656;-7638;18;-99999;7022;7720;7656;
90;-50;8441;-8423;18;-99999;7719;8441;8445;
95;-50;9229;-9211;18;-99999;8442;9229;9230;
100;-50;10020;-10002;18;-99999;9233;10020;10023;
105;-50;10894;-10876;18;-99999;10019;10895;10894;
110;-50;90;-72;18;-99999;10895;90;-79;
-110;-45;10183;-10165;18;-99999;-280;10189;10183;
-105;-45;9398;-9380;18;-99999;10183;9396;9398;
-100;-45;8616;-8598;18;-99999;9398;8612;8616;
-95;-45;7858;-7840;18;-99999;8612;7858;7855;
-90;-45;7159;-7141;18;-99999;7855;7157;7159;
-85;-45;6525;-6507;18;-99999;7157;6525;6521;
-80;-45;5876;-5858;18;-99999;6508;5866;5876;
-75;-45;5311;-5293;18;-99999;5898;5311;5303;
-70;-45;4756;-4738;18;-99999;5291;4749;4756;
-65;-45;4228;-4210;18;-99999;4758;4224;4228;
-60;-45;3773;-3755;18;-99999;4232;3773;3771;
-55;-45;3332;-3314;18;-99999;3763;3332;3330;
-50;-45;2938;-2920;18;-99999;3330;2938;2937;
-45;-45;2585;-2567;18;-99999;2934;2579;2585;
-40;-45;2267;-2249;18;-99999;2588;2267;2257;
-35;-45;1996;-1978;18;-99999;2261;1993;1996;
-30;-45;1767;-1749;18;-99999;1990;1765;1767;
-25;-45;1561;-1543;18;-99999;1741;1561;1558;
-20;-45;1401;-1383;18;-99999;1552;1401;1399;
-15;-45;1298;-1280;18;-99999;1402;1298;1297;
-10;-45;1209;-1191;18;-99999;1294;1200;1209;
-5;-45;1191;-1173;18;-99999;1222;1191;1180;
0;-45;1201;-1183;18;-99999;1191;1201;1202;
5;-45;1234;-1216;18;-99999;1198;1234;1238;
10;-45;1332;-1314;18;-99999;1245;1335;1332;
15;-45;1443;-1425;18;-99999;1330;1443;1446;
20;-45;1624;-1606;18;-99999;1459;1633;1624;
25;-45;1822;-1804;18;-99999;1629;1822;1834;
30;-45;2069;-2051;18;-99999;1831;2076;2069;
35;-45;2355;-2337;18;-99999;2071;2355;2359;
40;-45;2682;-2664;18;-99999;2358;2685;2682;
45;-45;3056;-3038;18;-99999;2695;3057;3056;
50;-45;3447;-3429;18;-99999;3055;3451;3447;
55;-45;3902;-3884;18;-99999;3446;3904;3902;
60;-45;4379;-4361;18;-99999;3911;4379;4386;
65;-45;4908;-4890;18;-99999;4372;4914;4908;
70;-45;5485;-5467;18;-99999;4903;5485;5485;
75;-45;6101;-6083;18;-99999;5477;6103;6101;
80;-45;6729;-6711;18;-99999;6103;6729;6730;
85;-45;7411;-7393;18;-99999;6734;7415;7411;
90;-45;8158;-8140;18;-99999;7414;8158;8160;
95;-45;8913;-8895;18;-99999;8172;8913;8917;
100;-45;9740;-9722;18;-99999;8917;9750;9740;
105;-45;10606;-10588;18;-99999;9747;10606;10610;
110;-45;10603;-10585;18;-99999;10603;-99999;11482;
-110;-40;9945;-9927;18;-99999;11483;9944;9945;
-105;-40;9144;-9126;18;-99999;9932;9144;9144;
-100;-40;8375;-8357;18;-99999;9138;8373;8375;
-95;-40;7648;-7630;18;-99999;8361;7620;7648;
-90;-40;6937;-6919;18;-99999;7621;6929;6937;
-85;-40;6252;-6234;18;-99999;6939;6247;6252;
-80;-40;5656;-5638;18;-99999;6241;5656;5653;
-75;-40;5060;-5042;18;-99999;5653;5060;5059;
-70;-40;4502;-4484;18;-99999;5062;4502;4502;
-65;-40;3981;-3963;18;-99999;4502;3974;3981;
-60;-40;3521;-3503;18;-99999;3987;3521;3511;
-55;-40;3081;-3063;18;-99999;3508;3077;3081;
-50;-40;2676;-2658;18;-99999;3089;2676;2676;
-45;-40;2340;-2322;18;-99999;2671;2340;2337;
-40;-40;2006;-1988;18;-99999;2316;2005;2006;
-35;-40;1741;-1723;18;-99999;2011;1734;1741;
-30;-40;1470;-1452;18;-99999;1741;1470;1469;
-25;-40;1312;-1294;18;-99999;1477;1312;1302;
-20;-40;1174;-1156;18;-99999;1300;1164;1174;
-15;-40;1031;-1013;18;-99999;1169;1031;1030;
-10;-40;983;-965;18;-99999;1037;983;972;
-5;-40;918;-900;18;-99999;953;916;918;
0;-40;927;-909;18;-99999;911;927;930;
5;-40;973;-955;18;-99999;929;973;977;
10;-40;1062;-1044;18;-99999;980;1070;1062;
15;-40;1189;-1171;18;-99999;1062;1189;1196;
20;-40;1362;-1344;18;-99999;1196;1362;1363;
25;-40;1565;-1547;18;-99999;1365;1572;1565;
30;-40;1813;-1795;18;-99999;1564;1813;1816;
35;-40;2094;-2076;18;-99999;1813;2096;2094;
40;-40;2433;-2415;18;-99999;2097;2433;2435;
45;-40;2788;-2770;18;-99999;2435;2792;2788;
50;-40;3200;-3182;18;-99999;2787;3200;3205;
55;-40;3638;-3620;18;-99999;3205;3638;3638;
60;-40;4114;-4096;18;-99999;3638;4114;4119;
65;-40;4661;-4643;18;-99999;4118;4661;4667;
70;-40;5225;-5207;18;-99999;4664;5227;5225;
75;-40;5834;-5816;18;-99999;5225;5834;5837;
80;-40;6481;-6463;18;-99999;5845;6481;6481;
85;-40;7173;-7155;18;-99999;6479;7173;7178;
90;-40;7871;-7853;18;-99999;7178;7871;7878;
95;-40;8665;-8647;18;-99999;7922;8668;8665;
100;-40;9477;-9459;18;-99999;8657;9477;9484;
105;-40;10321;-10303;18;-99999;9497;10329;10321;
110;-40;11245;-11227;18;-99999;10322;11245;11248;
-110;-35;9728;-9710;18;-99999;11247;9725;9728;
-105;-35;8942;-8924;18;-99999;9726;8934;8942;
-100;-35;8154;-8136;18;-99999;8940;8154;8138;
-95;-35;7404;-7386;18;-99999;8137;7388;7404;
-90;-35;6733;-6715;18;-99999;7419;6733;6732;
-85;-35;6059;-6041;18;-99999;6733;6057;6059;
-80;-35;5440;-5422;18;-99999;6063;5440;5434;
-75;-35;4846;-4828;18;-99999;5419;4844;4846;
-70;-35;4279;-4261;18;-99999;4844;4272;4279;
-65;-35;3761;-3743;18;-99999;4280;3761;3752;
-60;-35;3297;-3279;18;-99999;3752;3293;3297;
-55;-35;2853;-2835;18;-99999;3298;2850;2853;
-50;-35;2474;-2456;18;-99999;2837;2474;2471;
-45;-35;2103;-2085;18;-99999;2477;2103;2099;
-40;-35;1797;-1779;18;-99999;2098;1797;1796;
-35;-35;1515;-1497;18;-99999;1797;1508;1515;
-30;-35;1287;-1269;18;-99999;1513;1287;1278;
-25;-35;1086;-1068;18;-99999;1266;1082;1086;
-20;-35;922;-904;18;-99999;1087;922;921;
-15;-35;810;-792;18;-99999;924;801;810;
-10;-35;736;-718;18;-99999;809;736;725;
-5;-35;716;-698;18;-99999;726;709;716;
0;-35;708;-690;18;-99999;708;708;718;
5;-35;748;-730;18;-99999;726;757;748;
10;-35;849;-831;18;-99999;748;849;850;
15;-35;965;-947;18;-99999;852;967;965;
20;-35;1130;-1112;18;-99999;973;1130;1138;
25;-35;1353;-1335;18;-99999;1150;1359;1353;
30;-35;1597;-1579;18;-99999;1354;1597;1605;
35;-35;1876;-1858;18;-99999;1604;1876;1881;
40;-35;2187;-2169;18;-99999;1894;2200;2187;
45;-35;2586;-2568;18;-99999;2199;2586;2586;
50;-35;2979;-2961;18;-99999;2580;2992;2979;
55;-35;3426;-3408;18;-99999;2990;3426;3431;
60;-35;3910;-3892;18;-99999;3436;3916;3910;
65;-35;4435;-4417;18;-99999;3909;4435;4436;
70;-35;5000;-4982;18;-99999;4446;5000;5001;
75;-35;5595;-5577;18;-99999;5020;5595;5603;
80;-35;6266;-6248;18;-99999;5620;6266;6270;
85;-35;6958;-6940;18;-99999;6251;6958;6959;
90;-35;7647;-7629;18;-99999;6959;7647;7647;
95;-35;8460;-8442;18;-99999;7652;8464;8460;
100;-35;9263;-9245;18;-99999;8461;9263;9268;
105;-35;10099;-10081;18;-99999;9278;10099;10102;
110;-35;11011;-10993;18;-99999;10129;11019;11011;
-110;-30;9558;-9540;18;-99999;11008;9558;9551;
-105;-30;8749;-8731;18;-99999;9534;8749;8747;
-100;-30;7959;-7941;18;-99999;8744;7959;7956;
-95;-30;7239;-7221;18;-99999;7951;7233;7239;
-90;-30;6530;-6512;18;-99999;7241;6530;6525;
-85;-30;5879;-5861;18;-99999;6525;5879;5868;
-80;-30;5226;-5208;18;-99999;5856;5214;5226;
-75;-30;4649;-4631;18;-99999;5237;4649;4636;
-70;-30;4069;-4051;18;-99999;4634;4069;4068;
-65;-30;3580;-3562;18;-99999;4072;3580;3578;
-60;-30;3112;-3094;18;-99999;3571;3106;3112;
-55;-30;2660;-2642;18;-99999;3107;2660;2659;
-50;-30;2275;-2257;18;-99999;2653;2275;2272;
-45;-30;1911;-1893;18;-99999;2270;1906;1911;
-40;-30;1580;-1562;18;-99999;1911;1580;1576;
-35;-30;1320;-1302;18;-99999;1580;1320;1319;
-30;-30;1072;-1054;18;-99999;1322;1072;1070;
-25;-30;873;-855;18;-99999;1068;867;873;
-20;-30;721;-703;18;-99999;876;717;721;
-15;-30;629;-611;18;-99999;726;629;614;
-10;-30;551;-533;18;-99999;615;544;551;
-5;-30;508;-490;18;-99999;552;508;506;
0;-30;516;-498;18;-99999;508;516;517;
5;-30;561;-543;18;-99999;520;562;561;
10;-30;649;-631;18;-99999;560;649;653;
15;-30;772;-754;18;-99999;668;772;776;
20;-30;930;-912;18;-99999;775;936;930;
25;-30;1138;-1120;18;-99999;949;1138;1147;
30;-30;1400;-1382;18;-99999;1162;1400;1402;
35;-30;1697;-1679;18;-99999;1412;1697;1697;
40;-30;2011;-1993;18;-99999;1699;2014;2011;
45;-30;2403;-2385;18;-99999;1992;2403;2403;
50;-30;2770;-2752;18;-99999;2401;2770;2770;
55;-30;3255;-3237;18;-99999;2775;3255;3263;
60;-30;3719;-3701;18;-99999;3243;3719;3721;
65;-30;4253;-4235;18;-99999;3731;4254;4253;
70;-30;4822;-4804;18;-99999;4263;4822;4822;
75;-30;5425;-5407;18;-99999;4829;5425;5425;
80;-30;6067;-6049;18;-99999;5422;6067;6074;
85;-30;6761;-6743;18;-99999;6076;6761;6761;
90;-30;7499;-7481;18;-99999;6764;7501;7499;
95;-30;8255;-8237;18;-99999;7490;8255;8259;
100;-30;9051;-9033;18;-99999;8260;9058;9051;
105;-30;9925;-9907;18;-99999;9058;9925;9929;
110;-30;10777;-10759;18;-99999;9932;10783;10777;
-110;-25;9376;-9358;18;-99999;10776;9376;9367;
-105;-25;8590;-8572;18;-99999;9368;8589;8590;
-100;-25;7804;-7786;18;-99999;8589;7799;7804;
-95;-25;7081;-7063;18;-99999;7809;7081;7072;
-90;-25;6373;-6355;18;-99999;7070;6367;6373;
-85;-25;5711;-5693;18;-99999;6348;5711;5709;
-80;-25;5055;-5037;18;-99999;5705;5055;5017;
-75;-25;4498;-4480;18;-99999;5083;4498;4489;
-70;-25;3938;-3920;18;-99999;4467;3931;3938;
-65;-25;3405;-3387;18;-99999;3932;3405;3403;
-60;-25;2924;-2906;18;-99999;3416;2924;2920;
-55;-25;2506;-2488;18;-99999;2915;2506;2506;
-50;-25;2102;-2084;18;-99999;2505;2102;2095;
-45;-25;1748;-1730;18;-99999;2110;1744;1748;
-40;-25;1433;-1415;18;-99999;1753;1433;1425;
-35;-25;1161;-1143;18;-99999;1425;1161;1158;
-30;-25;922;-904;18;-99999;1153;910;922;
-25;-25;701;-683;18;-99999;923;701;689;
-20;-25;575;-557;18;-99999;699;568;575;
-15;-25;464;-446;18;-99999;566;463;464;
-10;-25;384;-366;18;-99999;460;375;384;
-5;-25;352;-334;18;-99999;384;352;349;
0;-25;363;-345;18;-99999;351;368;363;
5;-25;391;-373;18;-99999;356;391;397;
10;-25;492;-474;18;-99999;400;498;492;
15;-25;617;-599;18;-99999;491;617;619;
20;-25;784;-766;18;-99999;618;785;784;
25;-25;993;-975;18;-99999;783;993;999;
30;-25;1233;-1215;18;-99999;1008;1235;1233;
35;-25;1526;-1508;18;-99999;1235;1533;1526;
40;-25;1847;-1829;18;-99999;1528;1847;1859;
45;-25;2229;-2211;18;-99999;1861;2232;2229;
50;-25;2637;-2619;18;-99999;2229;2637;2639;
55;-25;3059;-3041;18;-99999;2638;3059;3059;
60;-25;3569;-3551;18;-99999;3050;3569;3577;
65;-25;4091;-4073;18;-99999;3579;4092;4091;
70;-25;4642;-4624;18;-99999;4106;4648;4642;
75;-25;5271;-5253;18;-99999;4685;5271;5277;
80;-25;5917;-5899;18;-99999;5292;5917;5918;
85;-25;6610;-6592;18;-99999;5918;6610;6617;
90;-25;7294;-7276;18;-99999;6619;7300;7294;
95;-25;8099;-8081;18;-99999;7290;8099;8099;
100;-25;8878;-8860;18;-99999;8114;8896;8878;
105;-25;9752;-9734;18;-99999;8894;9752;9752;
110;-25;10615;-10597;18;-99999;9762;10616;10615;
-110;-20;9248;-9230;18;-99999;10633;9246;9248;
-105;-20;8445;-8427;18;-99999;9247;8445;8444;
-100;-20;7691;-7673;18;-99999;8438;7683;7691;
-95;-20;6934;-6916;18;-99999;7694;6934;6930;
-90;-20;6251;-6233;18;-99999;6927;6249;6251;
-85;-20;5585;-5567;18;-99999;6254;5577;5585;
-80;-20;4951;-4933;18;-99999;5581;4951;4941;
-75;-20;4330;-4312;18;-99999;4938;4330;4325;
-70;-20;3785;-3767;18;-99999;4334;3785;3781;
-65;-20;3287;-3269;18;-99999;3771;3287;3287;
-60;-20;2817;-2799;18;-99999;3290;2817;2814;
-55;-20;2381;-2363;18;-99999;2803;2377;2381;
-50;-20;1971;-1953;18;-99999;2365;1962;1971;
-45;-20;1630;-1612;18;-99999;1987;1630;1618;
-40;-20;1316;-1298;18;-99999;1623;1310;1316;
-35;-20;1027;-1009;18;-99999;1319;1027;1027;
-30;-20;791;-773;18;-99999;1027;789;791;
-25;-20;593;-575;18;-99999;789;593;584;
-20;-20;436;-418;18;-99999;582;430;436;
-15;-20;321;-303;18;-99999;434;316;321;
-10;-20;256;-238;18;-99999;315;256;246;
-5;-20;227;-209;18;-99999;248;223;227;
0;-20;225;-207;18;-99999;227;225;225;
5;-20;269;-251;18;-99999;222;269;270;
10;-20;346;-328;18;-99999;270;350;346;
15;-20;503;-485;18;-99999;360;503;509;
20;-20;647;-629;18;-99999;504;647;651;
25;-20;870;-852;18;-99999;669;880;870;
30;-20;1131;-1113;18;-99999;869;1131;1131;
35;-20;1400;-1382;18;-99999;1128;1401;1400;
40;-20;1718;-1700;18;-99999;1403;1729;1718;
45;-20;2094;-2076;18;-99999;1742;2099;2094;
50;-20;2517;-2499;18;-99999;2094;2519;2517;
55;-20;2957;-2939;18;-99999;2521;2957;2961;
60;-20;3435;-3417;18;-99999;2965;3438;3435;
65;-20;3974;-3956;18;-99999;3439;3974;3974;
70;-20;4536;-4518;18;-99999;3974;4536;4536;
75;-20;5155;-5137;18;-99999;4532;5155;5159;
80;-20;5797;-5779;18;-99999;5157;5798;5797;
85;-20;6498;-6480;18;-99999;5797;6513;6498;
90;-20;7212;-7194;18;-99999;6492;7212;7219;
95;-20;7963;-7945;18;-99999;7221;7968;7963;
100;-20;8801;-8783;18;-99999;7965;8801;8802;
105;-20;9617;-9599;18;-99999;8788;9623;9617;
110;-20;10501;-10483;18;-99999;9616;10501;10511;
-110;-15;9162;-9144;18;-99999;10486;9159;9162;
-105;-15;8345;-8327;18;-99999;9159;8339;8345;
-100;-15;7589;-7571;18;-99999;8347;7589;7584;
-95;-15;6858;-6840;18;-99999;7570;6850;6858;
-90;-15;6146;-6128;18;-99999;6860;6146;6141;
-85;-15;5485;-5467;18;-99999;6137;5485;5480;
-80;-15;4837;-4819;18;-99999;5482;4837;4834;
-75;-15;4262;-4244;18;-99999;4835;4258;4262;
-70;-15;3704;-3686;18;-99999;4257;3702;3704;
-65;-15;3195;-3177;18;-99999;3696;3195;3187;
-60;-15;2706;-2688;18;-99999;3185;2698;2706;
-55;-15;2276;-2258;18;-99999;2711;2276;2274;
-50;-15;1876;-1858;18;-99999;2279;1871;1876;
-45;-15;1509;-1491;18;-99999;1875;1509;1502;
-40;-15;1221;-1203;18;-99999;1513;1216;1221;
-35;-15;923;-905;18;-99999;1212;917;923;
-30;-15;688;-670;18;-99999;927;688;675;
-25;-15;504;-486;18;-99999;671;496;504;
-20;-15;337;-319;18;-99999;504;337;337;
-15;-15;239;-221;18;-99999;328;235;239;
-10;-15;161;-143;18;-99999;231;161;158;
-5;-15;146;-128;18;-99999;139;152;146;
0;-15;110;-92;18;-99999;135;109;110;
5;-15;162;-144;18;-99999;112;172;162;
10;-15;278;-260;18;-99999;159;278;287;
15;-15;397;-379;18;-99999;286;397;398;
20;-15;562;-544;18;-99999;398;562;564;
25;-15;762;-744;18;-99999;564;762;762;
30;-15;1015;-997;18;-99999;779;1015;1024;
35;-15;1295;-1277;18;-99999;1025;1296;1295;
40;-15;1634;-1616;18;-99999;1301;1647;1634;
45;-15;1999;-1981;18;-99999;1631;1999;2003;
50;-15;2396;-2378;18;-99999;2002;2396;2405;
55;-15;2851;-2833;18;-99999;2397;2852;2851;
60;-15;3350;-3332;18;-99999;2855;3354;3350;
65;-15;3889;-3871;18;-99999;3349;3889;3890;
70;-15;4437;-4419;18;-99999;3889;4437;4442;
75;-15;5047;-5029;18;-99999;4447;5057;5047;
80;-15;5701;-5683;18;-99999;5047;5701;5711;
85;-15;6385;-6367;18;-99999;5712;6391;6385;
90;-15;7111;-7093;18;-99999;6392;7111;7113;
95;-15;7879;-7861;18;-99999;7115;7879;7883;
100;-15;8667;-8649;18;-99999;7880;8667;8674;
105;-15;9475;-9457;18;-99999;8676;9475;9483;
110;-15;10387;-10369;18;-99999;9506;10392;10387;
-110;-10;9089;-9071;18;-99999;10381;9089;9082;
-105;-10;8282;-8264;18;-99999;9068;8281;8282;
-100;-10;7520;-7502;18;-99999;8277;7507;7520;
-95;-10;6760;-6742;18;-99999;7503;6753;6760;
-90;-10;6076;-6058;18;-99999;6750;6076;6074;
-85;-10;5417;-5399;18;-99999;6066;5417;5414;
-80;-10;4768;-4750;18;-99999;5410;4768;4758;
-75;-10;4190;-4172;18;-99999;4777;4190;4183;
-70;-10;3644;-3626;18;-99999;4183;3643;3644;
-65;-10;3120;-3102;18;-99999;3644;3120;3118;
-60;-10;2655;-2637;18;-99999;3108;2650;2655;
-55;-10;2219;-2201;18;-99999;2663;2219;2215;
-50;-10;1828;-1810;18;-99999;2204;1828;1822;
-45;-10;1457;-1439;18;-99999;1825;1449;1457;
-40;-10;1156;-1138;18;-99999;1443;1156;1144;
-35;-10;880;-862;18;-99999;1120;873;880;
-30;-10;606;-588;18;-99999;856;606;604;
-25;-10;427;-409;18;-99999;601;427;425;
-20;-10;264;-246;18;-99999;425;264;256;
-15;-10;170;-152;18;-99999;266;170;166;
-10;-10;89;-71;18;-99999;161;82;89;
-5;-10;60;-42;18;-99999;91;60;55;
0;-10;56;-38;18;-99999;55;56;58;
5;-10;109;-91;18;-99999;57;122;109;
10;-10;185;-167;18;-99999;108;185;196;
15;-10;338;-320;18;-99999;196;338;341;
20;-10;493;-475;18;-99999;336;505;493;
25;-10;703;-685;18;-99999;490;703;715;
30;-10;943;-925;18;-99999;715;950;943;
35;-10;1252;-1234;18;-99999;947;1252;1260;
40;-10;1553;-1535;18;-99999;1251;1566;1553;
45;-10;1941;-1923;18;-99999;1556;1941;1948;
50;-10;2340;-2322;18;-99999;1951;2342;2340;
55;-10;2802;-2784;18;-99999;2340;2809;2802;
60;-10;3288;-3270;18;-99999;2794;3288;3295;
65;-10;3811;-3793;18;-99999;3294;3814;3811;
70;-10;4379;-4361;18;-99999;3821;4381;4379;
75;-10;4988;-4970;18;-99999;4392;4993;4988;
80;-10;5632;-5614;18;-99999;4990;5632;5640;
85;-10;6296;-6278;18;-99999;5655;6299;6296;
90;-10;7039;-7021;18;-99999;6294;7043;7039;
95;-10;7790;-7772;18;-99999;7042;7790;7791;
100;-10;8592;-8574;18;-99999;7804;8597;8592;
105;-10;9446;-9428;18;-99999;8612;9446;9448;
110;-10;10309;-10291;18;-99999;9447;10317;10309;
-110;-5;9065;-9047;18;-99999;10314;9065;9065;
-105;-5;8234;-8216;18;-99999;9061;8234;8232;
-100;-5;7473;-7455;18;-99999;8233;7465;7473;
-95;-5;6745;-6727;18;-99999;7479;6745;6733;
-90;-5;6049;-6031;18;-99999;6735;6048;6049;
-85;-5;5379;-5361;18;-99999;6047;5372;5379;
-80;-5;4751;-4733;18;-99999;5363;4750;4751;
-75;-5;4158;-4140;18;-99999;4750;4158;4153;
-70;-5;3605;-3587;18;-99999;4122;3605;3604;
-65;-5;3091;-3073;18;-99999;3611;3083;3091;
-60;-5;2622;-2604;18;-99999;3094;2622;2616;
-55;-5;2181;-2163;18;-99999;2597;2181;2181;
-50;-5;1785;-1767;18;-99999;2178;1785;1782;
-45;-5;1434;-1416;18;-99999;1786;1433;1434;
-40;-5;1104;-1086;18;-99999;1423;1102;1104;
-35;-5;827;-809;18;-99999;1113;827;820;
-30;-5;599;-581;18;-99999;822;592;599;
-25;-5;396;-378;18;-99999;588;394;396;
-20;-5;248;-230;18;-99999;392;247;248;
-15;-5;138;-120;18;-99999;240;138;134;
-10;-5;66;-48;18;-99999;131;64;66;
-5;-5;19;-1;18;-99999;72;15;19;
0;-5;23;-5;18;-99999;23;26;14;
5;-5;79;-61;18;-99999;19;79;83;
10;-5;158;-140;18;-99999;74;160;158;
15;-5;296;-278;18;-99999;163;296;296;
20;-5;463;-445;18;-99999;289;466;463;
25;-5;679;-661;18;-99999;461;680;679;
30;-5;916;-898;18;-99999;678;916;922;
35;-5;1202;-1184;18;-99999;932;1213;1202;
40;-5;1550;-1532;18;-99999;1213;1550;1554;
45;-5;1919;-1901;18;-99999;1552;1919;1919;
50;-5;2307;-2289;18;-99999;1920;2307;2307;
55;-5;2760;-2742;18;-99999;2312;2762;2760;
60;-5;3252;-3234;18;-99999;2768;3252;3255;
65;-5;3770;-3752;18;-99999;3251;3770;3777;
70;-5;4338;-4320;18;-99999;3779;4352;4338;
75;-5;4945;-4927;18;-99999;4335;4945;4947;
80;-5;5591;-5573;18;-99999;4950;5591;5596;
85;-5;6273;-6255;18;-99999;5601;6282;6273;
90;-5;6996;-6978;18;-99999;6276;7000;6996;
95;-5;7753;-7735;18;-99999;6994;7753;7758;
100;-5;8558;-8540;18;-99999;7758;8558;8559;
105;-5;9387;-9369;18;-99999;8569;9399;9387;
110;-5;10269;-10251;18;-99999;9399;10269;10276;
-110;0;9053;-9035;18;-99999;10286;9051;9053;
-105;0;8230;-8212;18;-99999;9049;8227;8230;
-100;0;7474;-7456;18;-99999;8233;7471;7474;
-95;0;6726;-6708;18;-99999;7473;6726;6726;
-90;0;6035;-6017;18;-99999;6726;6035;6020;
-85;0;5374;-5356;18;-99999;6018;5360;5374;
-80;0;4732;-4714;18;-99999;5358;4732;4718;
-75;0;4161;-4143;18;-99999;4732;4161;4154;
-70;0;3614;-3596;18;-99999;4150;3607;3614;
-65;0;3102;-3084;18;-99999;3616;3101;3102;
-60;0;2608;-2590;18;-99999;3082;2608;2606;
-55;0;2178;-2160;18;-99999;2605;2178;2174;
-50;0;1783;-1765;18;-99999;2171;1772;1783;
-45;0;1417;-1399;18;-99999;1790;1417;1407;
-40;0;1113;-1095;18;-99999;1407;1110;1113;
-35;0;828;-810;18;-99999;1114;816;828;
-30;0;588;-570;18;-99999;826;588;585;
-25;0;397;-379;18;-99999;588;396;397;
-20;0;254;-236;18;-99999;394;254;248;
-15;0;129;-111;18;-99999;246;120;129;
-10;0;52;-34;18;-99999;130;52;46;
-5;0;26;-8;18;-99999;41;24;26;
0;0;18;0;18;-99999;28;16;18;
5;0;68;-50;18;-99999;23;73;68;
10;0;170;-152;18;-99999;77;170;173;
15;0;285;-267;18;-99999;166;288;285;
20;0;458;-440;18;-99999;293;458;467;
25;0;660;-642;18;-99999;465;660;662;
30;0;927;-909;18;-99999;660;927;927;
35;0;1196;-1178;18;-99999;925;1196;1201;
40;0;1538;-1520;18;-99999;1201;1538;1538;
45;0;1878;-1860;18;-99999;1538;1880;1878;
50;0;2317;-2299;18;-99999;1890;2326;2317;
55;0;2772;-2754;18;-99999;2312;2772;2784;
60;0;3230;-3212;18;-99999;2772;3234;3230;
65;0;3774;-3756;18;-99999;3246;3774;3774;
70;0;4336;-4318;18;-99999;3760;4336;4336;
75;0;4920;-4902;18;-99999;4342;4920;4920;
80;0;5594;-5576;18;-99999;4959;5594;5598;
85;0;6271;-6253;18;-99999;5601;6279;6271;
90;0;6991;-6973;18;-99999;6275;6991;6996;
95;0;7744;-7726;18;-99999;7002;7752;7744;
100;0;8557;-8539;18;-99999;7772;8557;8558;
105;0;9353;-9335;18;-99999;8564;9353;9355;
110;0;10233;-10215;18;-99999;9377;10239;10233;
-110;5;9057;-9039;18;-99999;10234;9057;9051;
-105;5;8272;-8254;18;-99999;9078;8269;8272;
-100;5;7510;-7492;18;-99999;8251;7510;7503;
-95;5;6763;-6745;18;-99999;7505;6761;6763;
-90;5;6061;-6043;18;-99999;6759;6059;6061;
-85;5;5393;-5375;18;-99999;6062;5389;5393;
-80;5;4763;-4745;18;-99999;5385;4763;4760;
-75;5;4168;-4150;18;-99999;4760;4168;4167;
-70;5;3635;-3617;18;-99999;4170;3628;3635;
-65;5;3121;-3103;18;-99999;3640;3121;3110;
-60;5;2657;-2639;18;-99999;3105;2652;2657;
-55;5;2199;-2181;18;-99999;2655;2198;2199;
-50;5;1807;-1789;18;-99999;2201;1807;1804;
-45;5;1459;-1441;18;-99999;1801;1459;1457;
-40;5;1135;-1117;18;-99999;1453;1135;1133;
-35;5;853;-835;18;-99999;1136;845;853;
-30;5;627;-609;18;-99999;857;627;618;
-25;5;445;-427;18;-99999;615;442;445;
-20;5;268;-250;18;-99999;447;263;268;
-15;5;185;-167;18;-99999;265;185;178;
-10;5;86;-68;18;-99999;161;86;82;
-5;5;49;-31;18;-99999;79;49;48;
0;5;55;-37;18;-99999;56;45;55;
5;5;106;-88;18;-99999;57;118;106;
10;5;193;-175;18;-99999;101;193;204;
15;5;315;-297;18;-99999;205;316;315;
20;5;491;-473;18;-99999;315;491;492;
25;5;699;-681;18;-99999;505;699;700;
30;5;952;-934;18;-99999;707;952;952;
35;5;1229;-1211;18;-99999;961;1229;1237;
40;5;1566;-1548;18;-99999;1234;1579;1566;
45;5;1933;-1915;18;-99999;1566;1933;1941;
50;5;2331;-2313;18;-99999;1948;2340;2331;
55;5;2788;-2770;18;-99999;2346;2788;2795;
60;5;3279;-3261;18;-99999;2797;3280;3279;
65;5;3808;-3790;18;-99999;3280;3808;3813;
70;5;4355;-4337;18;-99999;3822;4355;4375;
75;5;4965;-4947;18;-99999;4380;4975;4965;
80;5;5626;-5608;18;-99999;4982;5626;5626;
85;5;6291;-6273;18;-99999;5632;6291;6292;
90;5;7004;-6986;18;-99999;6289;7007;7004;
95;5;7771;-7753;18;-99999;7027;7804;7771;
100;5;8545;-8527;18;-99999;7786;8545;8546;
105;5;9401;-9383;18;-99999;8544;9404;9401;
110;5;10251;-10233;18;-99999;9394;10263;10251;
-110;10;9145;-9127;18;-99999;10250;9145;9140;
-105;10;8346;-8328;18;-99999;9129;8346;8344;
-100;10;7561;-7543;18;-99999;8343;7561;7558;
-95;10;6810;-6792;18;-99999;7558;6810;6807;
-90;10;6118;-6100;18;-99999;6808;6116;6118;
-85;10;5472;-5454;18;-99999;6107;5472;5455;
-80;10;4845;-4827;18;-99999;5436;4828;4845;
-75;10;4236;-4218;18;-99999;4846;4236;4235;
-70;10;3694;-3676;18;-99999;4237;3694;3691;
-65;10;3187;-3169;18;-99999;3688;3184;3187;
-60;10;2705;-2687;18;-99999;3182;2700;2705;
-55;10;2269;-2251;18;-99999;2706;2266;2269;
-50;10;1879;-1861;18;-99999;2265;1879;1871;
-45;10;1528;-1510;18;-99999;1862;1519;1528;
-40;10;1206;-1188;18;-99999;1509;1206;1204;
-35;10;926;-908;18;-99999;1206;926;922;
-30;10;685;-667;18;-99999;922;684;685;
-25;10;499;-481;18;-99999;686;499;498;
-20;10;341;-323;18;-99999;496;328;341;
-15;10;220;-202;18;-99999;327;220;214;
-10;10;168;-150;18;-99999;218;163;168;
-5;10;109;-91;18;-99999;151;106;109;
0;10;129;-111;18;-99999;114;133;129;
5;10;160;-142;18;-99999;129;162;160;
10;10;264;-246;18;-99999;164;264;265;
15;10;383;-365;18;-99999;263;383;399;
20;10;538;-520;18;-99999;405;551;538;
25;10;769;-751;18;-99999;536;769;774;
30;10;1004;-986;18;-99999;775;1004;1010;
35;10;1280;-1262;18;-99999;1016;1286;1280;
40;10;1639;-1621;18;-99999;1282;1639;1640;
45;10;2007;-1989;18;-99999;1645;2007;2011;
50;10;2421;-2403;18;-99999;2007;2421;2423;
55;10;2844;-2826;18;-99999;2421;2856;2844;
60;10;3330;-3312;18;-99999;2843;3330;3337;
65;10;3857;-3839;18;-99999;3359;3857;3857;
70;10;4410;-4392;18;-99999;3861;4413;4410;
75;10;5033;-5015;18;-99999;4409;5033;5033;
80;10;5694;-5676;18;-99999;5032;5694;5694;
85;10;6357;-6339;18;-99999;5691;6357;6363;
90;10;7073;-7055;18;-99999;6364;7077;7073;
95;10;7838;-7820;18;-99999;7073;7838;7841;
100;10;8624;-8606;18;-99999;7847;8624;8624;
105;10;9445;-9427;18;-99999;8625;9448;9445;
110;10;10320;-10302;18;-99999;9442;10320;10324;
-110;15;9237;-9219;18;-99999;10325;9232;9237;
-105;15;8430;-8412;18;-99999;9240;8430;8423;
-100;15;7653;-7635;18;-99999;8419;7641;7653;
-95;15;6903;-6885;18;-99999;7648;6903;6896;
-90;15;6230;-6212;18;-99999;6886;6230;6226;
-85;15;5579;-5561;18;-99999;6222;5560;5579;
-80;15;4919;-4901;18;-99999;5559;4918;4919;
-75;15;4335;-4317;18;-99999;4922;4332;4335;
-70;15;3782;-3764;18;-99999;4332;3782;3774;
-65;15;3277;-3259;18;-99999;3773;3266;3277;
-60;15;2799;-2781;18;-99999;3280;2799;2794;
-55;15;2378;-2360;18;-99999;2795;2378;2375;
-50;15;1963;-1945;18;-99999;2373;1961;1963;
-45;15;1606;-1588;18;-99999;1962;1606;1604;
-40;15;1295;-1277;18;-99999;1599;1291;1295;
-35;15;1019;-1001;18;-99999;1297;1019;1007;
-30;15;785;-767;18;-99999;1006;776;785;
-25;15;586;-568;18;-99999;783;585;586;
-20;15;443;-425;18;-99999;588;443;441;
-15;15;318;-300;18;-99999;421;318;314;
-10;15;255;-237;18;-99999;315;253;255;
-5;15;206;-188;18;-99999;253;196;206;
0;15;207;-189;18;-99999;207;254;194;
5;15;264;-246;18;-99999;199;264;278;
10;15;344;-326;18;-99999;276;347;344;
15;15;484;-466;18;-99999;345;494;484;
20;15;660;-642;18;-99999;482;660;661;
25;15;854;-836;18;-99999;657;854;859;
30;15;1109;-1091;18;-99999;861;1109;1111;
35;15;1398;-1380;18;-99999;1113;1410;1398;
40;15;1717;-1699;18;-99999;1393;1717;1731;
45;15;2103;-2085;18;-99999;1733;2103;2106;
50;15;2514;-2496;18;-99999;2097;2517;2514;
55;15;2949;-2931;18;-99999;2514;2949;2951;
60;15;3431;-3413;18;-99999;2949;3431;3436;
65;15;3960;-3942;18;-99999;3446;3963;3960;
70;15;4542;-4524;18;-99999;3965;4545;4542;
75;15;5129;-5111;18;-99999;4523;5129;5142;
80;15;5764;-5746;18;-99999;5147;5769;5764;
85;15;6455;-6437;18;-99999;5764;6462;6455;
90;15;7187;-7169;18;-99999;6460;7187;7192;
95;15;7931;-7913;18;-99999;7162;7946;7931;
100;15;8722;-8704;18;-99999;7943;8724;8722;
105;15;9539;-9521;18;-99999;8725;9545;9539;
110;15;10391;-10373;18;-99999;9558;10391;10401;
-110;20;9369;-9351;18;-99999;10395;9365;9369;
-105;20;8568;-8550;18;-99999;9371;8568;8567;
-100;20;7772;-7754;18;-99999;8542;7772;7767;
-95;20;7040;-7022;18;-99999;7773;7040;7039;
-90;20;6346;-6328;18;-99999;7029;6346;6346;
-85;20;5678;-5660;18;-99999;6351;5676;5678;
-80;20;5051;-5033;18;-99999;5686;5051;5039;
-75;20;4471;-4453;18;-99999;5037;4466;4471;
-70;20;3919;-3901;18;-99999;4467;3908;3919;
-65;20;3390;-3372;18;-99999;3916;3390;3387;
-60;20;2908;-2890;18;-99999;3391;2908;2906;
-55;20;2492;-2474;18;-99999;2903;2492;2490;
-50;20;2085;-2067;18;-99999;2486;2074;2085;
-45;20;1751;-1733;18;-99999;2085;1751;1735;
-40;20;1438;-1420;18;-99999;1731;1436;1438;
-35;20;1142;-1124;18;-99999;1442;1139;1142;
-30;20;917;-899;18;-99999;1143;917;917;
-25;20;718;-700;18;-99999;897;714;718;
-20;20;569;-551;18;-99999;723;569;561;
-15;20;451;-433;18;-99999;552;439;451;
-10;20;376;-358;18;-99999;446;376;363;
-5;20;350;-332;18;-99999;365;350;349;
0;20;344;-326;18;-99999;345;339;344;
5;20;380;-362;18;-99999;348;380;381;
10;20;479;-461;18;-99999;380;483;479;
15;20;616;-598;18;-99999;478;616;618;
20;20;779;-761;18;-99999;615;779;787;
25;20;978;-960;18;-99999;789;985;978;
30;20;1249;-1231;18;-99999;979;1251;1249;
35;20;1534;-1516;18;-99999;1247;1534;1540;
40;20;1843;-1825;18;-99999;1527;1843;1845;
45;20;2213;-2195;18;-99999;1855;2219;2213;
50;20;2641;-2623;18;-99999;2231;2642;2641;
55;20;3060;-3042;18;-99999;2633;3060;3076;
60;20;3554;-3536;18;-99999;3091;3558;3554;
65;20;4087;-4069;18;-99999;3549;4089;4087;
70;20;4645;-4627;18;-99999;4104;4645;4650;
75;20;5254;-5236;18;-99999;4649;5254;5256;
80;20;5889;-5871;18;-99999;5259;5891;5889;
85;20;6587;-6569;18;-99999;5925;6589;6587;
90;20;7286;-7268;18;-99999;6586;7286;7307;
95;20;8049;-8031;18;-99999;7310;8061;8049;
100;20;8845;-8827;18;-99999;8060;8845;8847;
105;20;9661;-9643;18;-99999;8840;9661;9663;
110;20;10509;-10491;18;-99999;9667;10509;10517;
-110;25;9521;-9503;18;-99999;10509;9521;9517;
-105;25;8692;-8674;18;-99999;9521;8688;8692;
-100;25;7944;-7926;18;-99999;8694;7944;7934;
-95;25;7215;-7197;18;-99999;7923;7202;7215;
-90;25;6497;-6479;18;-99999;7198;6497;6486;
-85;25;5838;-5820;18;-99999;6477;5838;5836;
-80;25;5188;-5170;18;-99999;5829;5182;5188;
-75;25;4640;-4622;18;-99999;5196;4637;4640;
-70;25;4077;-4059;18;-99999;4610;4075;4077;
-65;25;3565;-3547;18;-99999;4075;3565;3556;
-60;25;3090;-3072;18;-99999;3549;3080;3090;
-55;25;2651;-2633;18;-99999;3101;2651;2646;
-50;25;2251;-2233;18;-99999;2635;2251;2250;
-45;25;1903;-1885;18;-99999;2260;1898;1903;
-40;25;1583;-1565;18;-99999;1877;1583;1583;
-35;25;1304;-1286;18;-99999;1581;1297;1304;
-30;25;1083;-1065;18;-99999;1288;1083;1068;
-25;25;883;-865;18;-99999;1072;873;883;
-20;25;715;-697;18;-99999;884;715;715;
-15;25;610;-592;18;-99999;714;610;606;
-10;25;527;-509;18;-99999;603;527;523;
-5;25;501;-483;18;-99999;521;501;501;
0;25;501;-483;18;-99999;502;495;501;
5;25;567;-549;18;-99999;505;573;567;
10;25;627;-609;18;-99999;542;627;636;
15;25;774;-756;18;-99999;635;775;774;
20;25;936;-918;18;-99999;775;939;936;
25;25;1138;-1120;18;-99999;939;1138;1140;
30;25;1401;-1383;18;-99999;1141;1401;1406;
35;25;1658;-1640;18;-99999;1403;1663;1658;
40;25;2007;-1989;18;-99999;1683;2021;2007;
45;25;2381;-2363;18;-99999;2011;2381;2395;
50;25;2783;-2765;18;-99999;2391;2788;2783;
55;25;3242;-3224;18;-99999;2784;3243;3242;
60;25;3730;-3712;18;-99999;3240;3736;3730;
65;25;4259;-4241;18;-99999;3729;4259;4266;
70;25;4802;-4784;18;-99999;4264;4802;4805;
75;25;5421;-5403;18;-99999;4818;5425;5421;
80;25;6057;-6039;18;-99999;5428;6057;6062;
85;25;6737;-6719;18;-99999;6066;6737;6739;
90;25;7460;-7442;18;-99999;6734;7460;7464;
95;25;8196;-8178;18;-99999;7477;8197;8196;
100;25;8979;-8961;18;-99999;8194;8979;8989;
105;25;9806;-9788;18;-99999;9003;9806;9808;
110;25;10670;-10652;18;-99999;9813;10675;10670;
-110;30;9706;-9688;18;-99999;10646;9706;9690;
-105;30;8899;-8881;18;-99999;9689;8890;8899;
-100;30;8108;-8090;18;-99999;8901;8108;8104;
-95;30;7387;-7369;18;-99999;8105;7386;7387;
-90;30;6680;-6662;18;-99999;7386;6680;6672;
-85;30;6035;-6017;18;-99999;6663;6035;6031;
-80;30;5381;-5363;18;-99999;6025;5381;5380;
-75;30;4804;-4786;18;-99999;5388;4804;4794;
-70;30;4270;-4252;18;-99999;4797;4263;4270;
-65;30;3742;-3724;18;-99999;4266;3742;3739;
-60;30;3274;-3256;18;-99999;3749;3267;3274;
-55;30;2829;-2811;18;-99999;3266;2829;2820;
-50;30;2457;-2439;18;-99999;2820;2437;2457;
-45;30;2080;-2062;18;-99999;2443;2076;2080;
-40;30;1782;-1764;18;-99999;2086;1782;1775;
-35;30;1502;-1484;18;-99999;1769;1501;1502;
-30;30;1274;-1256;18;-99999;1503;1274;1272;
-25;30;1071;-1053;18;-99999;1269;1063;1071;
-20;30;917;-899;18;-99999;1080;917;913;
-15;30;813;-795;18;-99999;908;809;813;
-10;30;723;-705;18;-99999;813;713;723;
-5;30;691;-673;18;-99999;732;691;680;
0;30;714;-696;18;-99999;680;714;716;
5;30;739;-721;18;-99999;717;739;741;
10;30;829;-811;18;-99999;743;829;831;
15;30;959;-941;18;-99999;833;968;959;
20;30;1140;-1122;18;-99999;958;1140;1147;
25;30;1330;-1312;18;-99999;1145;1330;1336;
30;30;1598;-1580;18;-99999;1339;1609;1598;
35;30;1872;-1854;18;-99999;1595;1872;1881;
40;30;2199;-2181;18;-99999;1848;2202;2199;
45;30;2591;-2573;18;-99999;2200;2591;2592;
50;30;2978;-2960;18;-99999;2590;2987;2978;
55;30;3443;-3425;18;-99999;2975;3443;3447;
60;30;3911;-3893;18;-99999;3445;3911;3915;
65;30;4443;-4425;18;-99999;3915;4450;4443;
70;30;5016;-4998;18;-99999;4444;5018;5016;
75;30;5614;-5596;18;-99999;5026;5616;5614;
80;30;6223;-6205;18;-99999;5616;6223;6233;
85;30;6924;-6906;18;-99999;6251;6933;6924;
90;30;7645;-7627;18;-99999;6927;7645;7654;
95;30;8374;-8356;18;-99999;7651;8376;8374;
100;30;9185;-9167;18;-99999;8384;9190;9185;
105;30;10006;-9988;18;-99999;9182;10008;10006;
110;30;10816;-10798;18;-99999;10006;10816;10821;
-110;35;9911;-9893;18;-99999;10844;9911;9905;
-105;35;9124;-9106;18;-99999;9929;9116;9124;
-100;35;8345;-8327;18;-99999;9108;8345;8330;
-95;35;7614;-7596;18;-99999;8327;7614;7611;
-90;35;6875;-6857;18;-99999;7588;6870;6875;
-85;35;6241;-6223;18;-99999;6878;6241;6231;
-80;35;5604;-5586;18;-99999;6229;5599;5604;
-75;35;5023;-5005;18;-99999;5604;5023;5018;
-70;35;4465;-4447;18;-99999;5018;4453;4465;
-65;35;3970;-3952;18;-99999;4462;3970;3964;
-60;35;3494;-3476;18;-99999;3965;3494;3491;
-55;35;3060;-3042;18;-99999;3490;3058;3060;
-50;35;2658;-2640;18;-99999;3060;2658;2656;
-45;35;2308;-2290;18;-99999;2655;2308;2308;
-40;35;2003;-1985;18;-99999;2313;2003;1990;
-35;35;1726;-1708;18;-99999;1990;1711;1726;
-30;35;1470;-1452;18;-99999;1727;1470;1462;
-25;35;1316;-1298;18;-99999;1475;1316;1305;
-20;35;1140;-1122;18;-99999;1304;1129;1140;
-15;35;1031;-1013;18;-99999;1142;1031;1027;
-10;35;955;-937;18;-99999;1027;955;952;
-5;35;918;-900;18;-99999;953;918;916;
0;35;923;-905;18;-99999;910;923;934;
5;35;960;-942;18;-99999;937;960;960;
10;35;1070;-1052;18;-99999;962;1076;1070;
15;35;1217;-1199;18;-99999;1065;1217;1225;
20;35;1365;-1347;18;-99999;1207;1377;1365;
25;35;1550;-1532;18;-99999;1346;1553;1550;
30;35;1816;-1798;18;-99999;1550;1826;1816;
35;35;2082;-2064;18;-99999;1823;2082;2091;
40;35;2409;-2391;18;-99999;2100;2416;2409;
45;35;2806;-2788;18;-99999;2407;2808;2806;
50;35;3180;-3162;18;-99999;2808;3180;3192;
55;35;3652;-3634;18;-99999;3197;3660;3652;
60;35;4138;-4120;18;-99999;3653;4138;4145;
65;35;4667;-4649;18;-99999;4141;4673;4667;
70;35;5223;-5205;18;-99999;4671;5223;5233;
75;35;5851;-5833;18;-99999;5239;5851;5860;
80;35;6486;-6468;18;-99999;5848;6486;6491;
85;35;7143;-7125;18;-99999;6484;7143;7150;
90;35;7862;-7844;18;-99999;7155;7873;7862;
95;35;8608;-8590;18;-99999;7867;8608;8615;
100;35;9412;-9394;18;-99999;8614;9417;9412;
105;35;10226;-10208;18;-99999;9411;10226;10232;
110;35;11066;-11048;18;-99999;10237;11066;11071;
-110;40;10185;-10167;18;-99999;11062;10185;10181;
-105;40;9371;-9353;18;-99999;10177;9370;9371;
-100;40;8580;-8562;18;-99999;9367;8578;8580;
-95;40;7893;-7875;18;-99999;8578;7893;7880;
-90;40;7128;-7110;18;-99999;7876;7121;7128;
-85;40;6525;-6507;18;-99999;7147;6525;6506;
-80;40;5879;-5861;18;-99999;6509;5870;5879;
-75;40;5279;-5261;18;-99999;5881;5279;5273;
-70;40;4747;-4729;18;-99999;5273;4747;4741;
-65;40;4222;-4204;18;-99999;4738;4205;4222;
-60;40;3752;-3734;18;-99999;4199;3752;3748;
-55;40;3318;-3300;18;-99999;3748;3312;3318;
-50;40;2908;-2890;18;-99999;3314;2908;2901;
-45;40;2565;-2547;18;-99999;2903;2559;2565;
-40;40;2251;-2233;18;-99999;2567;2251;2243;
-35;40;1989;-1971;18;-99999;2247;1989;1977;
-30;40;1724;-1706;18;-99999;1979;1724;1724;
-25;40;1541;-1523;18;-99999;1734;1541;1538;
-20;40;1393;-1375;18;-99999;1546;1387;1393;
-15;40;1289;-1271;18;-99999;1393;1289;1275;
-10;40;1207;-1189;18;-99999;1282;1202;1207;
-5;40;1174;-1156;18;-99999;1211;1173;1174;
0;40;1179;-1161;18;-99999;1176;1183;1179;
5;40;1203;-1185;18;-99999;1183;1203;1208;
10;40;1309;-1291;18;-99999;1206;1309;1312;
15;40;1438;-1420;18;-99999;1313;1438;1439;
20;40;1632;-1614;18;-99999;1440;1637;1632;
25;40;1820;-1802;18;-99999;1616;1820;1831;
30;40;2061;-2043;18;-99999;1820;2061;2061;
35;40;2353;-2335;18;-99999;2061;2357;2353;
40;40;2681;-2663;18;-99999;2365;2683;2681;
45;40;3055;-3037;18;-99999;2695;3055;3057;
50;40;3450;-3432;18;-99999;3069;3450;3450;
55;40;3910;-3892;18;-99999;3458;3921;3910;
60;40;4403;-4385;18;-99999;3905;4403;4416;
65;40;4921;-4903;18;-99999;4415;4927;4921;
70;40;5494;-5476;18;-99999;4940;5503;5494;
75;40;6090;-6072;18;-99999;5486;6090;6097;
80;40;6744;-6726;18;-99999;6089;6744;6746;
85;40;7420;-7402;18;-99999;6748;7425;7420;
90;40;8142;-8124;18;-99999;7419;8149;8142;
95;40;8868;-8850;18;-99999;8135;8868;8878;
100;40;9664;-9646;18;-99999;8885;9671;9664;
105;40;10500;-10482;18;-99999;9665;10503;10500;
110;40;11326;-11308;18;-99999;10501;11326;11327;
-110;45;10475;-10457;18;-99999;11330;10475;10475;
-105;45;9690;-9672;18;-99999;10468;9690;9689;
-100;45;8873;-8855;18;-99999;9656;8859;8873;
-95;45;8159;-8141;18;-99999;8875;8159;8149;
-90;45;7458;-7440;18;-99999;8137;7453;7458;
-85;45;6788;-6770;18;-99999;7457;6788;6786;
-80;45;6165;-6147;18;-99999;6801;6165;6156;
-75;45;5586;-5568;18;-99999;6152;5582;5586;
-70;45;5023;-5005;18;-99999;5558;5019;5023;
-65;45;4507;-4489;18;-99999;5025;4504;4507;
-60;45;4029;-4011;18;-99999;4508;4029;4017;
-55;45;3605;-3587;18;-99999;4026;3595;3605;
-50;45;3208;-3190;18;-99999;3605;3208;3205;
-45;45;2855;-2837;18;-99999;3204;2855;2855;
-40;45;2544;-2526;18;-99999;2856;2544;2536;
-35;45;2276;-2258;18;-99999;2531;2276;2272;
-30;45;2032;-2014;18;-99999;2263;2023;2032;
-25;45;1844;-1826;18;-99999;2043;1844;1833;
-20;45;1696;-1678;18;-99999;1835;1696;1696;
-15;45;1567;-1549;18;-99999;1690;1560;1567;
-10;45;1522;-1504;18;-99999;1567;1522;1517;
-5;45;1445;-1427;18;-99999;1517;1445;1443;
0;45;1466;-1448;18;-99999;1450;1468;1466;
5;45;1507;-1489;18;-99999;1464;1507;1517;
10;45;1594;-1576;18;-99999;1522;1612;1594;
15;45;1733;-1715;18;-99999;1597;1733;1738;
20;45;1876;-1858;18;-99999;1733;1876;1885;
25;45;2123;-2105;18;-99999;1910;2127;2123;
30;45;2355;-2337;18;-99999;2123;2355;2359;
35;45;2656;-2638;18;-99999;2354;2662;2656;
40;45;2972;-2954;18;-99999;2653;2972;2986;
45;45;3335;-3317;18;-99999;2991;3340;3335;
50;45;3757;-3739;18;-99999;3336;3757;3761;
55;45;4210;-4192;18;-99999;3753;4210;4217;
60;45;4694;-4676;18;-99999;4218;4694;4696;
65;45;5201;-5183;18;-99999;4691;5204;5201;
70;45;5787;-5769;18;-99999;5197;5795;5787;
75;45;6383;-6365;18;-99999;5797;6383;6397;
80;45;7010;-6992;18;-99999;6403;7018;7010;
85;45;7697;-7679;18;-99999;7022;7701;7697;
90;45;8421;-8403;18;-99999;7703;8421;8427;
95;45;9177;-9159;18;-99999;8425;9177;9181;
100;45;9958;-9940;18;-99999;9156;9958;9961;
105;45;10762;-10744;18;-99999;9962;10766;10762;
110;45;11637;-11619;18;-99999;10760;11637;11645;
-110;50;10792;-10774;18;-99999;11638;10782;10792;
-105;50;9982;-9964;18;-99999;10802;9982;9980;
-100;50;9217;-9199;18;-99999;9982;9217;9210;
-95;50;8471;-8453;18;-99999;9208;8462;8471;
-90;50;7767;-7749;18;-99999;8470;7767;7762;
-85;50;7090;-7072;18;-99999;7779;7080;7090;
-80;50;6471;-6453;18;-99999;7091;6471;6463;
-75;50;5898;-5880;18;-99999;6470;5882;5898;
-70;50;5338;-5320;18;-99999;5899;5338;5337;
-65;50;4819;-4801;18;-99999;5337;4819;4814;
-60;50;4341;-4323;18;-99999;4810;4338;4341;
-55;50;3930;-3912;18;-99999;4337;3927;3930;
-50;50;3526;-3508;18;-99999;3932;3523;3526;
-45;50;3183;-3165;18;-99999;3532;3183;3167;
-40;50;2877;-2859;18;-99999;3166;2853;2877;
-35;50;2561;-2543;18;-99999;2869;2560;2561;
-30;50;2366;-2348;18;-99999;2562;2362;2366;
-25;50;2155;-2137;18;-99999;2360;2155;2155;
-20;50;2014;-1996;18;-99999;2156;2012;2014;
-15;50;1882;-1864;18;-99999;2011;1878;1882;
-10;50;1832;-1814;18;-99999;1885;1832;1819;
-5;50;1796;-1778;18;-99999;1814;1783;1796;
0;50;1776;-1758;18;-99999;1796;1776;1769;
5;50;1836;-1818;18;-99999;1766;1838;1836;
10;50;1916;-1898;18;-99999;1835;1916;1918;
15;50;2036;-2018;18;-99999;1920;2037;2036;
20;50;2210;-2192;18;-99999;2039;2210;2216;
25;50;2450;-2432;18;-99999;2228;2464;2450;
30;50;2691;-2673;18;-99999;2421;2691;2707;
35;50;2970;-2952;18;-99999;2686;2970;2975;
40;50;3301;-3283;18;-99999;2975;3308;3301;
45;50;3661;-3643;18;-99999;3303;3661;3664;
50;50;4071;-4053;18;-99999;3664;4074;4071;
55;50;4504;-4486;18;-99999;4069;4504;4526;
60;50;4985;-4967;18;-99999;4532;5004;4985;
65;50;5504;-5486;18;-99999;4990;5504;5530;
70;50;6112;-6094;18;-99999;5540;6112;6113;
75;50;6709;-6691;18;-99999;6111;6720;6709;
80;50;7357;-7339;18;-99999;6717;7359;7357;
85;50;8039;-8021;18;-99999;7355;8040;8039;
90;50;8750;-8732;18;-99999;8041;8750;8750;
95;50;9495;-9477;18;-99999;8754;9510;9495;
100;50;10305;-10287;18;-99999;9494;10305;10311;
105;50;11083;-11065;18;-99999;10310;11089;11083;
110;50;-107;125;18;-99999;11087;-107;-99999;
